file_name,drug_id,generic_name,trade_name,company,imprint,side
00001_Loratadine-10mg_ALLEX_BMPharma_BM_Front.png,00001,Loratadine-10mg,ALLEX,BMPharma,BM,FRONT
00001_Loratadine-10mg_ALLEX_BMPharma_SCORE_Back.png,00001,Loratadine-10mg,ALLEX,BMPharma,SCORE,BACK
00002_Finasteride-5mg_PROSTAT-5_Polipharm_CROSS_Back.png,00002,Finasteride-5mg,PROSTAT-5,Polipharm,CROSS,BACK
00002_Finasteride-5mg_PROSTAT-5_Polipharm_P_Front.png,00002,Finasteride-5mg,PROSTAT-5,Polipharm,P,FRONT
00003_Ibuprofen-200mg+Paracetamol-325mg_CETO_CMED_CMED_Front.png,00003,Ibuprofen-200mg+Paracetamol-325mg,CETO,CMED,CMED,FRONT
00003_Ibuprofen-200mg+Paracetamol-325mg_CETO_CMED_NONE_Back.png,00003,Ibuprofen-200mg+Paracetamol-325mg,CETO,CMED,NONE,BACK
00004_Memantine-10mg_MEMXA_Unison_MMT_Front.png,00004,Memantine-10mg,MEMXA,Unison,MMT,FRONT
00004_Memantine-10mg_MEMXA_Unison_SCORE_Back.png,00004,Memantine-10mg,MEMXA,Unison,SCORE,BACK
00005_Propranolol​-10mg_PROPRANOLOL​-10-GPO_GPO_GPO_Back.png,00005,Propranolol​-10mg,PROPRANOLOL​-10-GPO,GPO,GPO,BACK
00005_Propranolol​-10mg_PROPRANOLOL​-10-GPO_GPO_PL10_Front.png,00005,Propranolol​-10mg,PROPRANOLOL​-10-GPO,GPO,PL10,FRONT
00006_Naproxen-250mg_NAPROXEN-250MG_GPO_NONE_Back.png,00006,Naproxen-250mg,NAPROXEN-250MG,GPO,NONE,BACK
00006_Naproxen-250mg_NAPROXEN-250MG_GPO_SCORE_Front.png,00006,Naproxen-250mg,NAPROXEN-250MG,GPO,SCORE,FRONT
00007_Sennaglycosides-7.5mg_SENOLAX (7.5mg)_SRIPRASITPHARMA_NONE_Back.png,00007,Sennaglycosides-7.5mg,SENOLAX (7.5mg),SRIPRASITPHARMA,NONE,BACK
00007_Sennaglycosides-7.5mg_SENOLAX (7.5mg)_SRIPRASITPHARMA_SCORE_Front.png,00007,Sennaglycosides-7.5mg,SENOLAX (7.5mg),SRIPRASITPHARMA,SCORE,FRONT
00008_Ibuprofen-400mg_IBUCAP-400_Millimed_NONE_Back.png,00008,Ibuprofen-400mg,IBUCAP-400,Millimed,NONE,BACK
00008_Ibuprofen-400mg_IBUCAP-400_Millimed_NONE_Front.png,00008,Ibuprofen-400mg,IBUCAP-400,Millimed,NONE,FRONT
00009_Furosemide-40mg_HYDRIL-F_MODERN-PHARMA_F_Front.png,00009,Furosemide-40mg,HYDRIL-F,MODERN-PHARMA,F,FRONT
00009_Furosemide-40mg_HYDRIL-F_MODERN-PHARMA_SCORE_Back.png,00009,Furosemide-40mg,HYDRIL-F,MODERN-PHARMA,SCORE,BACK
00010_Meloxicam-15mg_MELCAM-15_UNISON_15_Front.png,00010,Meloxicam-15mg,MELCAM-15,UNISON,15,FRONT
00010_Meloxicam-15mg_MELCAM-15_UNISON_SCORE_Back.png,00010,Meloxicam-15mg,MELCAM-15,UNISON,SCORE,BACK
00011_Azilsartan-medoxomil-80mg_EDARBI-80_Celltrion-Healthcare_80_Back.png,00011,Azilsartan-medoxomil-80mg,EDARBI-80,Celltrion-Healthcare,80,BACK
00011_Azilsartan-medoxomil-80mg_EDARBI-80_Celltrion-Healthcare_CLR_Front.png,00011,Azilsartan-medoxomil-80mg,EDARBI-80,Celltrion-Healthcare,CLR,FRONT
00012_Azilsartan-medoxomil-40mg_EDARBI-40_Celltrion-Healthcare_CLR_Back.png,00012,Azilsartan-medoxomil-40mg,EDARBI-40,Celltrion-Healthcare,CLR,BACK
00012_Azilsartan-medoxomil-40mg_EDARBI-40_Celltrion-Healthcare_CLR_Front.png,00012,Azilsartan-medoxomil-40mg,EDARBI-40,Celltrion-Healthcare,CLR,FRONT
00013_Cinnarizine-25mg_NEORICIN_NEW-LIFE-PHARMA_NL_Front.png,00013,Cinnarizine-25mg,NEORICIN,NEW-LIFE-PHARMA,NL,FRONT
00013_Cinnarizine-25mg_NEORICIN_NEW-LIFE-PHARMA_SCORE_Back.png,00013,Cinnarizine-25mg,NEORICIN,NEW-LIFE-PHARMA,SCORE,BACK
00014_Amoxicillin-875mg-ClavulanatePotassium-125mg_BACTOCLAV-1G_AtlantaMedicare_107_Front.png,00014,Amoxicillin-875mg-ClavulanatePotassium-125mg,BACTOCLAV-1G,AtlantaMedicare,107,FRONT
00014_Amoxicillin-875mg-ClavulanatePotassium-125mg_BACTOCLAV-1G_AtlantaMedicare_NONE_Back.png,00014,Amoxicillin-875mg-ClavulanatePotassium-125mg,BACTOCLAV-1G,AtlantaMedicare,NONE,BACK
00015_Doxazosin-4mg_DOZA-4_PartarLab_PATAR_Front.png,00015,Doxazosin-4mg,DOZA-4,PartarLab,PATAR,FRONT
00015_Doxazosin-4mg_DOZA-4_PartarLab_SCORE_Back.png,00015,Doxazosin-4mg,DOZA-4,PartarLab,SCORE,BACK
00016_Doxazosin-2mg_DOZA-2_PartarLab_PATAR_Front.png,00016,Doxazosin-2mg,DOZA-2,PartarLab,PATAR,FRONT
00016_Doxazosin-2mg_DOZA-2_PartarLab_SCORE_Back.png,00016,Doxazosin-2mg,DOZA-2,PartarLab,SCORE,BACK
00017_Ambroxol-30mg_MUCOLID_GreaterPharma_LOGO_Front.png,00017,Ambroxol-30mg,MUCOLID,GreaterPharma,LOGO,FRONT
00017_Ambroxol-30mg_MUCOLID_GreaterPharma_SCORE_Back.png,00017,Ambroxol-30mg,MUCOLID,GreaterPharma,SCORE,BACK
00018_Aluminium-Hydroxide-Magnesium-Tricilicate-Menthol_ADMAG-M_TPDrug_SCORE_Back.png,00018,Aluminium-Hydroxide-Magnesium-Tricilicate-Menthol,ADMAG-M,TPDrug,SCORE,BACK
00018_Aluminium-Hydroxide-Magnesium-Tricilicate-Menthol_ADMAG-M_TPDrug_TP_Front.png,00018,Aluminium-Hydroxide-Magnesium-Tricilicate-Menthol,ADMAG-M,TPDrug,TP,FRONT
00019_Lorazepam-0.5mg_ANTA-0.5_TPDrug_05_Back.png,00019,Lorazepam-0.5mg,ANTA-0.5,TPDrug,05,BACK
00019_Lorazepam-0.5mg_ANTA-0.5_TPDrug_LOGO_Front.png,00019,Lorazepam-0.5mg,ANTA-0.5,TPDrug,LOGO,FRONT
00020_Lorazepam-0.5mg_TRAVAN-0.5_Polipharm_05_Back.png,00020,Lorazepam-0.5mg,TRAVAN-0.5,Polipharm,05,BACK
00020_Lorazepam-0.5mg_TRAVAN-0.5_Polipharm_TN_Front.png,00020,Lorazepam-0.5mg,TRAVAN-0.5,Polipharm,TN,FRONT
00021_Lorazepam-2.0mg_LORAMED_OLAN - KEMED_20_Back.png,00021,Lorazepam-2.0mg,LORAMED,OLAN - KEMED,20,BACK
00021_Lorazepam-2.0mg_LORAMED_OLAN - KEMED_LOGO_Front.png,00021,Lorazepam-2.0mg,LORAMED,OLAN - KEMED,LOGO,FRONT
00022_Memantine-20mg_EBIXA20_BL-HUA_20_Front.png,00022,Memantine-20mg,EBIXA20,BL-HUA,20,FRONT
00022_Memantine-20mg_EBIXA20_BL-HUA_MEM_Back.png,00022,Memantine-20mg,EBIXA20,BL-HUA,MEM,BACK
00023_Memantine-10mg_EBIXA10_BL-HUA_10_Front.png,00023,Memantine-10mg,EBIXA10,BL-HUA,10,FRONT
00023_Memantine-10mg_EBIXA10_BL-HUA_MM_Back.png,00023,Memantine-10mg,EBIXA10,BL-HUA,MM,BACK
00024_Ampicillin-150mg_AMPICILLIN-PAEDIATRIC-TABLETS_Utopian_NONE_Front.png,00024,Ampicillin-150mg,AMPICILLIN-PAEDIATRIC-TABLETS,Utopian,NONE,FRONT
00024_Ampicillin-150mg_AMPICILLIN-PAEDIATRIC-TABLETS_Utopian_SCORE_Back.png,00024,Ampicillin-150mg,AMPICILLIN-PAEDIATRIC-TABLETS,Utopian,SCORE,BACK
00025_Celecoxib-400mg_CELXIB-400_Unison_CC400_Front.png,00025,Celecoxib-400mg,CELXIB-400,Unison,CC400,FRONT
00025_Celecoxib-400mg_CELXIB-400_Unison_NONE_Back.png,00025,Celecoxib-400mg,CELXIB-400,Unison,NONE,BACK
00026_Celecoxib-200mg_CELXIB-200_Unison_CC200_Front.png,00026,Celecoxib-200mg,CELXIB-200,Unison,CC200,FRONT
00026_Celecoxib-200mg_CELXIB-200_Unison_NONE_Back.png,00026,Celecoxib-200mg,CELXIB-200,Unison,NONE,BACK
00027_Levodopa-200mg+Benserazide-50mg_LEVOPAR_CROSS_M&H_Back.png,00027,Levodopa-200mg+Benserazide-50mg,LEVOPAR,CROSS,M&H,BACK
00027_Levodopa-200mg+Benserazide-50mg_LEVOPAR_CROSS_M&H_Front.png,00027,Levodopa-200mg+Benserazide-50mg,LEVOPAR,CROSS,M&H,FRONT
00028_Etoricoxib-90mg_ICOXIB-90_LBSLab_90mg_Back.png,00028,Etoricoxib-90mg,ICOXIB-90,LBSLab,90mg,BACK
00028_Etoricoxib-90mg_ICOXIB-90_LBSLab_LBS_Front.png,00028,Etoricoxib-90mg,ICOXIB-90,LBSLab,LBS,FRONT
00029_Ketotifen-1mg_KETEN_Siam_KETEN1_Back.png,00029,Ketotifen-1mg,KETEN,Siam,KETEN1,BACK
00029_Ketotifen-1mg_KETEN_Siam_Siam_Front.png,00029,Ketotifen-1mg,KETEN,Siam,Siam,FRONT
00030_Allopurinol-100mg_PURIDE-100_Polipharm_POLIPHARM_Front.png,00030,Allopurinol-100mg,PURIDE-100,Polipharm,POLIPHARM,FRONT
00030_Allopurinol-100mg_PURIDE-100_Polipharm_SCORE_Back.png,00030,Allopurinol-100mg,PURIDE-100,Polipharm,SCORE,BACK
00031_Flunarizine-5mg_FLUNA-5-MG-TABLETS_QUALIMED_NONE_Back.png,00031,Flunarizine-5mg,FLUNA-5-MG-TABLETS,QUALIMED,NONE,BACK
00031_Flunarizine-5mg_FLUNA-5-MG-TABLETS_QUALIMED_QUALIMED_Front.png,00031,Flunarizine-5mg,FLUNA-5-MG-TABLETS,QUALIMED,QUALIMED,FRONT
00032_Allopurinol-300mg_PURIDE-300_POLIPHARM_NONE_Front.png,00032,Allopurinol-300mg,PURIDE-300,POLIPHARM,NONE,FRONT
00032_Allopurinol-300mg_PURIDE-300_POLIPHARM_SCORE_Back.png,00032,Allopurinol-300mg,PURIDE-300,POLIPHARM,SCORE,BACK
00033_Chlorpheniramine-4mg_PHEDAMIN_FEHA-LAB_PHIHA_Front.png,00033,Chlorpheniramine-4mg,PHEDAMIN,FEHA-LAB,PHIHA,FRONT
00033_Chlorpheniramine-4mg_PHEDAMIN_FEHA-LAB_SCORE_Back.png,00033,Chlorpheniramine-4mg,PHEDAMIN,FEHA-LAB,SCORE,BACK
00034_Chlorpheniramine-4mg_C.P.M_ InpacPharma_NONE_Back.png,00034,Chlorpheniramine-4mg,C.P.M,InpacPharma,NONE,BACK
00034_Chlorpheniramine-4mg_C.P.M_ InpacPharma_NONE_Front.png,00034,Chlorpheniramine-4mg,C.P.M,InpacPharma,NONE,FRONT
00035_Ambroxol-30mg_POLIBROXOL_POLIPHARM_POLIPHARM_Front.png,00035,Ambroxol-30mg,POLIBROXOL,POLIPHARM,POLIPHARM,FRONT
00035_Ambroxol-30mg_POLIBROXOL_POLIPHARM_SCORE_Back.png,00035,Ambroxol-30mg,POLIBROXOL,POLIPHARM,SCORE,BACK
00036_Minocycline-50mg_MINO-50MG-CAPSULES_QUALIMED_NONE_Back.png,00036,Minocycline-50mg,MINO-50MG-CAPSULES,QUALIMED,NONE,BACK
00036_Minocycline-50mg_MINO-50MG-CAPSULES_QUALIMED_QUALIMED_Front.png,00036,Minocycline-50mg,MINO-50MG-CAPSULES,QUALIMED,QUALIMED,FRONT
00037_Flunarizine-5mg_POLI-FLUNARIN_POLIPHARM_NONE_Back.png,00037,Flunarizine-5mg,POLI-FLUNARIN,POLIPHARM,NONE,BACK
00037_Flunarizine-5mg_POLI-FLUNARIN_POLIPHARM_NONE_Front.png,00037,Flunarizine-5mg,POLI-FLUNARIN,POLIPHARM,NONE,FRONT
00038_Dicyclomine-10mg+Simethicone-100mg_BERCLOMIN-TAB_POLIPHARM_NONE_Back.png,00038,Dicyclomine-10mg+Simethicone-100mg,BERCLOMIN-TAB,POLIPHARM,NONE,BACK
00038_Dicyclomine-10mg+Simethicone-100mg_BERCLOMIN-TAB_POLIPHARM_NONE_Front.png,00038,Dicyclomine-10mg+Simethicone-100mg,BERCLOMIN-TAB,POLIPHARM,NONE,FRONT
00039_Praziquantel-600mg_PRASIKON_POLIPHARM_PZ_Back.png,00039,Praziquantel-600mg,PRASIKON,POLIPHARM,PZ,BACK
00039_Praziquantel-600mg_PRASIKON_POLIPHARM_SCORE_Front.png,00039,Praziquantel-600mg,PRASIKON,POLIPHARM,SCORE,FRONT
00040_Albendazole-200mg_VERMIXIDE_POLIPHARM_NONE_Back.png,00040,Albendazole-200mg,VERMIXIDE,POLIPHARM,NONE,BACK
00040_Albendazole-200mg_VERMIXIDE_POLIPHARM_P_Front.png,00040,Albendazole-200mg,VERMIXIDE,POLIPHARM,P,FRONT
00041_Cisapride-10mg_CISAPIE-10-MG-TABLETS_QUALIMED_QUALIMED_Back.png,00041,Cisapride-10mg,CISAPIE-10-MG-TABLETS,QUALIMED,QUALIMED,BACK
00041_Cisapride-10mg_CISAPIE-10-MG-TABLETS_QUALIMED_SCORE_Front.png,00041,Cisapride-10mg,CISAPIE-10-MG-TABLETS,QUALIMED,SCORE,FRONT
00042_Norfloxacin-400mg_NORFLOCIN-400_POLIPHARM_NONE_Back.png,00042,Norfloxacin-400mg,NORFLOCIN-400,POLIPHARM,NONE,BACK
00042_Norfloxacin-400mg_NORFLOCIN-400_POLIPHARM_PCL400_Front.png,00042,Norfloxacin-400mg,NORFLOCIN-400,POLIPHARM,PCL400,FRONT
00043_Hydroxyzine-10mg_POLIZINE_POLIPHARM_NONE_Back.png,00043,Hydroxyzine-10mg,POLIZINE,POLIPHARM,NONE,BACK
00043_Hydroxyzine-10mg_POLIZINE_POLIPHARM_NONE_Front.png,00043,Hydroxyzine-10mg,POLIZINE,POLIPHARM,NONE,FRONT
00044_Ketoconazole-200mg_KETONAZOLE_POLIPHARM_POLIPHARM_Front.png,00044,Ketoconazole-200mg,KETONAZOLE,POLIPHARM,POLIPHARM,FRONT
00044_Ketoconazole-200mg_KETONAZOLE_POLIPHARM_SCORE_Back.png,00044,Ketoconazole-200mg,KETONAZOLE,POLIPHARM,SCORE,BACK
00045_Cinnarizine-25mg_CEREMIN_POLIPHARM_NONE_Back.png,00045,Cinnarizine-25mg,CEREMIN,POLIPHARM,NONE,BACK
00045_Cinnarizine-25mg_CEREMIN_POLIPHARM_POLIPHARM_Front.png,00045,Cinnarizine-25mg,CEREMIN,POLIPHARM,POLIPHARM,FRONT
00046_Furosemide-40mg_FURIDE_POLIPHARM_NONE_Back.png,00046,Furosemide-40mg,FURIDE,POLIPHARM,NONE,BACK
00046_Furosemide-40mg_FURIDE_POLIPHARM_POLIPHARM_Front.png,00046,Furosemide-40mg,FURIDE,POLIPHARM,POLIPHARM,FRONT
00047_Sulfamethoxazole1400mg+Trimethoprim-80mg_PO-TRIM_POLIPHARM_NONE_Back.png,00047,Sulfamethoxazole1400mg+Trimethoprim-80mg,PO-TRIM,POLIPHARM,NONE,BACK
00047_Sulfamethoxazole1400mg+Trimethoprim-80mg_PO-TRIM_POLIPHARM_POLIPHARMPT_Front.png,00047,Sulfamethoxazole1400mg+Trimethoprim-80mg,PO-TRIM,POLIPHARM,POLIPHARMPT,FRONT
00048_Carbamazepine-200mg_ANTAFIT_POLIPHARM_NONE_Back.png,00048,Carbamazepine-200mg,ANTAFIT,POLIPHARM,NONE,BACK
00048_Carbamazepine-200mg_ANTAFIT_POLIPHARM_POLIPHARM_Front.png,00048,Carbamazepine-200mg,ANTAFIT,POLIPHARM,POLIPHARM,FRONT
00049_Linagliptin-5mg_LINAGLIP-5_POLIPHARM_D5_Back.png,00049,Linagliptin-5mg,LINAGLIP-5,POLIPHARM,D5,BACK
00049_Linagliptin-5mg_LINAGLIP-5_POLIPHARM_PCL_Front.png,00049,Linagliptin-5mg,LINAGLIP-5,POLIPHARM,PCL,FRONT
00050_Domperidone-10mg_DOMPERDONE_POLIPHARM_NONE_Back.png,00050,Domperidone-10mg,DOMPERDONE,POLIPHARM,NONE,BACK
00050_Domperidone-10mg_DOMPERDONE_POLIPHARM_PCL_Front.png,00050,Domperidone-10mg,DOMPERDONE,POLIPHARM,PCL,FRONT
00051_Omeprazole-20mg_OPRAMED_CharoonBhesat_CRBCRB_Front.png,00051,Omeprazole-20mg,OPRAMED,CharoonBhesat,CRBCRB,FRONT
00051_Omeprazole-20mg_OPRAMED_CharoonBhesat_NONE_Back.png,00051,Omeprazole-20mg,OPRAMED,CharoonBhesat,NONE,BACK
00052_Glibenclamide-5mg_BENCLAMIN_POLIPHARM_PCL5_Back.png,00052,Glibenclamide-5mg,BENCLAMIN,POLIPHARM,PCL5,BACK
00052_Glibenclamide-5mg_BENCLAMIN_POLIPHARM_PCL5_Front.png,00052,Glibenclamide-5mg,BENCLAMIN,POLIPHARM,PCL5,FRONT
00053_Amoxicillin-875mg+Clavulanic-125mg_AMOKSICLAV-1000_SANDOZ_SCORE_Back.png,00053,Amoxicillin-875mg+Clavulanic-125mg,AMOKSICLAV-1000,SANDOZ,SCORE,BACK
00053_Amoxicillin-875mg+Clavulanic-125mg_AMOKSICLAV-1000_SANDOZ_SCORE_Front.png,00053,Amoxicillin-875mg+Clavulanic-125mg,AMOKSICLAV-1000,SANDOZ,SCORE,FRONT
00054_Amoxicillin-875mg+Clavulanic-acid-125mg_CAVUMOX-1000_SIAM_NONE_Back.png,00054,Amoxicillin-875mg+Clavulanic-acid-125mg,CAVUMOX-1000,SIAM,NONE,BACK
00054_Amoxicillin-875mg+Clavulanic-acid-125mg_CAVUMOX-1000_SIAM_NONE_Front.png,00054,Amoxicillin-875mg+Clavulanic-acid-125mg,CAVUMOX-1000,SIAM,NONE,FRONT
00055_Amoxicillin-500mg+Clavulanic-125mg_FLEMING-625_BERLIN_FLEMING625_Front.png,00055,Amoxicillin-500mg+Clavulanic-125mg,FLEMING-625,BERLIN,FLEMING625,FRONT
00055_Amoxicillin-500mg+Clavulanic-125mg_FLEMING-625_BERLIN_NONE_Back.png,00055,Amoxicillin-500mg+Clavulanic-125mg,FLEMING-625,BERLIN,NONE,BACK
00056_Paracetamol 300mg+Chlorpheniramine-2mg+Phenylephrine-5mg_PAINOL_FORTY-TWO-SIAM-MEDICARE_42_Front.png,00056,Paracetamol 300mg+Chlorpheniramine-2mg+Phenylephrine-5mg,PAINOL,FORTY-TWO-SIAM-MEDICARE,42,FRONT
00056_Paracetamol 300mg+Chlorpheniramine-2mg+Phenylephrine-5mg_PAINOL_FORTY-TWO-SIAM-MEDICARE_SCORE_Back.png,00056,Paracetamol 300mg+Chlorpheniramine-2mg+Phenylephrine-5mg,PAINOL,FORTY-TWO-SIAM-MEDICARE,SCORE,BACK
00057_Orphenadrine-35mg+Paracetamol-450mg_DETAPAIN_SAHA-OSOT_D_Back.png,00057,Orphenadrine-35mg+Paracetamol-450mg,DETAPAIN,SAHA-OSOT,D,BACK
00057_Orphenadrine-35mg+Paracetamol-450mg_DETAPAIN_SAHA-OSOT_PO_Front.png,00057,Orphenadrine-35mg+Paracetamol-450mg,DETAPAIN,SAHA-OSOT,PO,FRONT
00058_Orphenadrine-70mg_PHEMAX_PharmasantLaboratories_70_Back.png,00058,Orphenadrine-70mg,PHEMAX,PharmasantLaboratories,70,BACK
00058_Orphenadrine-70mg_PHEMAX_PharmasantLaboratories_ND_Front.png,00058,Orphenadrine-70mg,PHEMAX,PharmasantLaboratories,ND,FRONT
00059_Orphenadrine-100mg_NORFLEX_INOVA_LOGO_Front.png,00059,Orphenadrine-100mg,NORFLEX,INOVA,LOGO,FRONT
00059_Orphenadrine-100mg_NORFLEX_INOVA_NONE_Back.png,00059,Orphenadrine-100mg,NORFLEX,INOVA,NONE,BACK
00060_Dexamethasone-0.5mg_DEXAMETHASONE-0.5MG-TAB_TP-DRUG_DXTP1969_Front.png,00060,Dexamethasone-0.5mg,DEXAMETHASONE-0.5MG-TAB,TP-DRUG,DXTP1969,FRONT
00060_Dexamethasone-0.5mg_DEXAMETHASONE-0.5MG-TAB_TP-DRUG_SCORE_Back.png,00060,Dexamethasone-0.5mg,DEXAMETHASONE-0.5MG-TAB,TP-DRUG,SCORE,BACK
00061_Sulfamethoxazole-800mg+Trimethoprim-160mg_METTRYN-FORTE_POND-CHEMICAL_METTRYNPONDS_Front.png,00061,Sulfamethoxazole-800mg+Trimethoprim-160mg,METTRYN-FORTE,POND-CHEMICAL,METTRYNPONDS,FRONT
00061_Sulfamethoxazole-800mg+Trimethoprim-160mg_METTRYN-FORTE_POND-CHEMICAL_SCORE_Back.png,00061,Sulfamethoxazole-800mg+Trimethoprim-160mg,METTRYN-FORTE,POND-CHEMICAL,SCORE,BACK
00062_Sulfamethoxazole-800mg+Trimethoprim-160mg_SUNTRIM-FORTE_MacroPhar_AMMI800_Front.png,00062,Sulfamethoxazole-800mg+Trimethoprim-160mg,SUNTRIM-FORTE,MacroPhar,AMMI800,FRONT
00062_Sulfamethoxazole-800mg+Trimethoprim-160mg_SUNTRIM-FORTE_MacroPhar_SCORE_Back.png,00062,Sulfamethoxazole-800mg+Trimethoprim-160mg,SUNTRIM-FORTE,MacroPhar,SCORE,BACK
00063_Sulfamethoxazole-800mg+Trimethoprim-160mg_CO-TRI-DS_NONE_Back.png,00063,Sulfamethoxazole-800mg+Trimethoprim-160mg,CO-TRI-DS,NONE,NONE,BACK
00063_Sulfamethoxazole-800mg+Trimethoprim-160mg_CO-TRI-DS_NONE_Front.png,00063,Sulfamethoxazole-800mg+Trimethoprim-160mg,CO-TRI-DS,NONE,NONE,FRONT
00064_Salbutamol-sulfate-2mg_SALDOL_FORTY-TWO-SIAM-MEDICARE_42_Front.png,00064,Salbutamol-sulfate-2mg,SALDOL,FORTY-TWO-SIAM-MEDICARE,42,FRONT
00064_Salbutamol-sulfate-2mg_SALDOL_FORTY-TWO-SIAM-MEDICARE_SCORE_Back.png,00064,Salbutamol-sulfate-2mg,SALDOL,FORTY-TWO-SIAM-MEDICARE,SCORE,BACK
00065_Pizotifen-0.5mg_MIGRIN_Utopian_NONE_Back.png,00065,Pizotifen-0.5mg,MIGRIN,Utopian,NONE,BACK
00065_Pizotifen-0.5mg_MIGRIN_Utopian_NONE_Front.png,00065,Pizotifen-0.5mg,MIGRIN,Utopian,NONE,FRONT
00066_Pizotifen-0.5mg_ZOSEGOR_Utopian_NONE_Back.png,00066,Pizotifen-0.5mg,ZOSEGOR,Utopian,NONE,BACK
00066_Pizotifen-0.5mg_ZOSEGOR_Utopian_NONE_Front.png,00066,Pizotifen-0.5mg,ZOSEGOR,Utopian,NONE,FRONT
00067_Pizotifen-0.5mg_ANORSIA_ASIAN-PHARMACEUTICAL_NONE_Back.png,00067,Pizotifen-0.5mg,ANORSIA,ASIAN-PHARMACEUTICAL,NONE,BACK
00067_Pizotifen-0.5mg_ANORSIA_ASIAN-PHARMACEUTICAL_NONE_Front.png,00067,Pizotifen-0.5mg,ANORSIA,ASIAN-PHARMACEUTICAL,NONE,FRONT
00068_Irsogladine-2mg_GASLON_Thai-Meiji_255_Front.png,00068,Irsogladine-2mg,GASLON,Thai-Meiji,255,FRONT
00068_Irsogladine-2mg_GASLON_Thai-Meiji_NONE_Back.png,00068,Irsogladine-2mg,GASLON,Thai-Meiji,NONE,BACK
00069_Doxazosin-2mg_CARDOXA-2MG_SRIPRASIT_C11_Front.png,00069,Doxazosin-2mg,CARDOXA-2MG,SRIPRASIT,C11,FRONT
00069_Doxazosin-2mg_CARDOXA-2MG_SRIPRASIT_SPS_Back.png,00069,Doxazosin-2mg,CARDOXA-2MG,SRIPRASIT,SPS,BACK
00070_Verapamil-40mg_VERMINE_Pharmasant-Laboratories_NONE_Back.png,00070,Verapamil-40mg,VERMINE,Pharmasant-Laboratories,NONE,BACK
00070_Verapamil-40mg_VERMINE_Pharmasant-Laboratories_NONE_Front.png,00070,Verapamil-40mg,VERMINE,Pharmasant-Laboratories,NONE,FRONT
00071_Glucosamine-sulfate-500mg_OSAMINE-500_UNISON_500_Front.png,00071,Glucosamine-sulfate-500mg,OSAMINE-500,UNISON,500,FRONT
00071_Glucosamine-sulfate-500mg_OSAMINE-500_UNISON_SCORE_Back.png,00071,Glucosamine-sulfate-500mg,OSAMINE-500,UNISON,SCORE,BACK
00072_Ibuprofen-400mg_UMAFEN-400_POND-CHEMICAL_NONE_Back.png,00072,Ibuprofen-400mg,UMAFEN-400,POND-CHEMICAL,NONE,BACK
00072_Ibuprofen-400mg_UMAFEN-400_POND-CHEMICAL_PU_Front.png,00072,Ibuprofen-400mg,UMAFEN-400,POND-CHEMICAL,PU,FRONT
00073_Methylphenidate-10mg_METHYLPHENIDATE-GPO_GPO_GPO_Back.png,00073,Methylphenidate-10mg,METHYLPHENIDATE-GPO,GPO,GPO,BACK
00073_Methylphenidate-10mg_METHYLPHENIDATE-GPO_GPO_MP_Front.png,00073,Methylphenidate-10mg,METHYLPHENIDATE-GPO,GPO,MP,FRONT
00074_Dextromethorphan-15mg_PUSIRAN_VANA-CORP_LOGO_Front.png,00074,Dextromethorphan-15mg,PUSIRAN,VANA-CORP,LOGO,FRONT
00074_Dextromethorphan-15mg_PUSIRAN_VANA-CORP_NONE_Back.png,00074,Dextromethorphan-15mg,PUSIRAN,VANA-CORP,NONE,BACK
00075_Prednisolone-5mg_PREDNISOLONE-GPO_GPO_NONE_Back.png,00075,Prednisolone-5mg,PREDNISOLONE-GPO,GPO,NONE,BACK
00075_Prednisolone-5mg_PREDNISOLONE-GPO_GPO_NONE_Front.png,00075,Prednisolone-5mg,PREDNISOLONE-GPO,GPO,NONE,FRONT
00076_Glimepiride-3mg_LOSU-3_UNISON_3GL_Back.png,00076,Glimepiride-3mg,LOSU-3,UNISON,3GL,BACK
00076_Glimepiride-3mg_LOSU-3_UNISON_GL3_Front.png,00076,Glimepiride-3mg,LOSU-3,UNISON,GL3,FRONT
00077_Glimepiride-4mg_LOSU-4_UNISON_4GL_Back.png,00077,Glimepiride-4mg,LOSU-4,UNISON,4GL,BACK
00077_Glimepiride-4mg_LOSU-4_UNISON_GL4_Front.png,00077,Glimepiride-4mg,LOSU-4,UNISON,GL4,FRONT
00078_Glimepiride-2mg_LOSU-2_UNISON_2GL_Back.png,00078,Glimepiride-2mg,LOSU-2,UNISON,2GL,BACK
00078_Glimepiride-2mg_LOSU-2_UNISON_GL2_Front.png,00078,Glimepiride-2mg,LOSU-2,UNISON,GL2,FRONT
00079_Brompheniramine-4mg_BROMPHENIRAMINE_Utopian_NONE_Front.png,00079,Brompheniramine-4mg,BROMPHENIRAMINE,Utopian,NONE,FRONT
00079_Brompheniramine-4mg_BROMPHENIRAMINE_Utopian_SCORE_Back.png,00079,Brompheniramine-4mg,BROMPHENIRAMINE,Utopian,SCORE,BACK
00080_Brompheniramine-4mg_BROMPHENIRAMINE-FC_ASIAN-PHARMACEUTICAL_NONE_Front.png,00080,Brompheniramine-4mg,BROMPHENIRAMINE-FC,ASIAN-PHARMACEUTICAL,NONE,FRONT
00080_Brompheniramine-4mg_BROMPHENIRAMINE-FC_ASIAN-PHARMACEUTICAL_SCORE_Back.png,00080,Brompheniramine-4mg,BROMPHENIRAMINE-FC,ASIAN-PHARMACEUTICAL,SCORE,BACK
00081_Paracetamol-500mg_PYRACON-TABLETS_BLHUA_PC83_Back.png,00081,Paracetamol-500mg,PYRACON-TABLETS,BLHUA,PC83,BACK
00081_Paracetamol-500mg_PYRACON-TABLETS_BLHUA_SCORE_Front.png,00081,Paracetamol-500mg,PYRACON-TABLETS,BLHUA,SCORE,FRONT
00082_Paracetamol-500mg_PYRACON-TABLETS_BLHUA_PC83_Back.png,00082,Paracetamol-500mg,PYRACON-TABLETS,BLHUA,PC83,BACK
00082_Paracetamol-500mg_PYRACON-TABLETS_BLHUA_SCORE_Front.png,00082,Paracetamol-500mg,PYRACON-TABLETS,BLHUA,SCORE,FRONT
00083_Paracetamol-500mg_PYRACON-TABLETS_BLHUA_PC83_Back.png,00083,Paracetamol-500mg,PYRACON-TABLETS,BLHUA,PC83,BACK
00083_Paracetamol-500mg_PYRACON-TABLETS_BLHUA_SCORE_Front.png,00083,Paracetamol-500mg,PYRACON-TABLETS,BLHUA,SCORE,FRONT
00084_Paracetamol-500mg_PYRACON-TABLETS_BLHUA_PC83_Back.png,00084,Paracetamol-500mg,PYRACON-TABLETS,BLHUA,PC83,BACK
00084_Paracetamol-500mg_PYRACON-TABLETS_BLHUA_SCORE_Front.png,00084,Paracetamol-500mg,PYRACON-TABLETS,BLHUA,SCORE,FRONT
00085_Dextromethorphan-15mg+Guaifenesin100mg+Terpin-hydrate-130mg_TERCO-D_BLHUA_NONE_Back.png,00085,Dextromethorphan-15mg+Guaifenesin100mg+Terpin-hydrate-130mg,TERCO-D,BLHUA,NONE,BACK
00085_Dextromethorphan-15mg+Guaifenesin100mg+Terpin-hydrate-130mg_TERCO-D_BLHUA_TD_Front.png,00085,Dextromethorphan-15mg+Guaifenesin100mg+Terpin-hydrate-130mg,TERCO-D,BLHUA,TD,FRONT
00086_Mebendazole-100mg_MEBENDAZOLE-TABLETS_BLHUA_NONE_Back.png,00086,Mebendazole-100mg,MEBENDAZOLE-TABLETS,BLHUA,NONE,BACK
00086_Mebendazole-100mg_MEBENDAZOLE-TABLETS_BLHUA_NONE_Front.png,00086,Mebendazole-100mg,MEBENDAZOLE-TABLETS,BLHUA,NONE,FRONT
00087_Paracetamol-500mg_PARACETAMOL-TABLETS_BLHUA_NONE_Back.png,00087,Paracetamol-500mg,PARACETAMOL-TABLETS,BLHUA,NONE,BACK
00087_Paracetamol-500mg_PARACETAMOL-TABLETS_BLHUA_SCORE_Front.png,00087,Paracetamol-500mg,PARACETAMOL-TABLETS,BLHUA,SCORE,FRONT
00088_Dextromethorphan-15mg+Guaifenesin-100mg+Terpin-hydrate-130mg_TERCO-D_BLHUA_NONE_Back.png,00088,Dextromethorphan-15mg+Guaifenesin-100mg+Terpin-hydrate-130mg,TERCO-D,BLHUA,NONE,BACK
00088_Dextromethorphan-15mg+Guaifenesin-100mg+Terpin-hydrate-130mg_TERCO-D_BLHUA_NONE_Front.png,00088,Dextromethorphan-15mg+Guaifenesin-100mg+Terpin-hydrate-130mg,TERCO-D,BLHUA,NONE,FRONT
00089_Lithium-carbonate-300mg_LIT-300_BLHUA_NONE_Back.png,00089,Lithium-carbonate-300mg,LIT-300,BLHUA,NONE,BACK
00089_Lithium-carbonate-300mg_LIT-300_BLHUA_NONE_Front.png,00089,Lithium-carbonate-300mg,LIT-300,BLHUA,NONE,FRONT
00090_Paracetamol-500mg+Orphenadrine-35mg_MYOSPA_BLHUA_PT99_Front.png,00090,Paracetamol-500mg+Orphenadrine-35mg,MYOSPA,BLHUA,PT99,FRONT
00090_Paracetamol-500mg+Orphenadrine-35mg_MYOSPA_BLHUA_SCORE_Back.png,00090,Paracetamol-500mg+Orphenadrine-35mg,MYOSPA,BLHUA,SCORE,BACK
00091_Dextromethorphan-20mg+Guaifenesin-50mg+Terpin-hydrate-85mg_D-COATE_BLHUA_NONE_Back.png,00091,Dextromethorphan-20mg+Guaifenesin-50mg+Terpin-hydrate-85mg,D-COATE,BLHUA,NONE,BACK
00091_Dextromethorphan-20mg+Guaifenesin-50mg+Terpin-hydrate-85mg_D-COATE_BLHUA_NONE_Front.png,00091,Dextromethorphan-20mg+Guaifenesin-50mg+Terpin-hydrate-85mg,D-COATE,BLHUA,NONE,FRONT
00092_Aluminium-hydroxide-250mg+Magnesium-trisilicate-250mg+Simethicone-100mg_AMACONE_BLHUA_AMC784_Front.png,00092,Aluminium-hydroxide-250mg+Magnesium-trisilicate-250mg+Simethicone-100mg,AMACONE,BLHUA,AMC784,FRONT
00092_Aluminium-hydroxide-250mg+Magnesium-trisilicate-250mg+Simethicone-100mg_AMACONE_BLHUA_NONE_Back.png,00092,Aluminium-hydroxide-250mg+Magnesium-trisilicate-250mg+Simethicone-100mg,AMACONE,BLHUA,NONE,BACK
00093_Chlorpheniramine-maleate-4mg_KLORAMIN_BLHUA_NONE_Front.png,00093,Chlorpheniramine-maleate-4mg,KLORAMIN,BLHUA,NONE,FRONT
00093_Chlorpheniramine-maleate-4mg_KLORAMIN_BLHUA_SCORE_Back.png,00093,Chlorpheniramine-maleate-4mg,KLORAMIN,BLHUA,SCORE,BACK
00094_Chlorpheniramine-maleate-4mg_KLORAMIN_BLHUA_LOGO_Front.png,00094,Chlorpheniramine-maleate-4mg,KLORAMIN,BLHUA,LOGO,FRONT
00094_Chlorpheniramine-maleate-4mg_KLORAMIN_BLHUA_NONE_Back.png,00094,Chlorpheniramine-maleate-4mg,KLORAMIN,BLHUA,NONE,BACK
00095_Paracetamol-500mg_PYRACON_BLHUA_NONE_Back.png,00095,Paracetamol-500mg,PYRACON,BLHUA,NONE,BACK
00095_Paracetamol-500mg_PYRACON_BLHUA_SCORE_Front.png,00095,Paracetamol-500mg,PYRACON,BLHUA,SCORE,FRONT
00096_Paracetamol-500mg_PYRACON_BLHUA_NONE_Back.png,00096,Paracetamol-500mg,PYRACON,BLHUA,NONE,BACK
00096_Paracetamol-500mg_PYRACON_BLHUA_SCORE_Front.png,00096,Paracetamol-500mg,PYRACON,BLHUA,SCORE,FRONT
00097_Paracetamol-500mg_PYRACON_BLHUA_NONE_Back.png,00097,Paracetamol-500mg,PYRACON,BLHUA,NONE,BACK
00097_Paracetamol-500mg_PYRACON_BLHUA_SCORE_Front.png,00097,Paracetamol-500mg,PYRACON,BLHUA,SCORE,FRONT
00098_Dextromethorphan-15mg+Guaifenesin-100mg+Terpin-hydrate-130mg_TERCO-D_BLHUA_NONE_Back.png,00098,Dextromethorphan-15mg+Guaifenesin-100mg+Terpin-hydrate-130mg,TERCO-D,BLHUA,NONE,BACK
00098_Dextromethorphan-15mg+Guaifenesin-100mg+Terpin-hydrate-130mg_TERCO-D_BLHUA_SCORE_Front.png,00098,Dextromethorphan-15mg+Guaifenesin-100mg+Terpin-hydrate-130mg,TERCO-D,BLHUA,SCORE,FRONT
00099_Dextromethorphan-15mg+Guaifenesin-100mg+Terpin-hydrate-130mg_TERCO-D_BLHUA_NONE_Back.png,00099,Dextromethorphan-15mg+Guaifenesin-100mg+Terpin-hydrate-130mg,TERCO-D,BLHUA,NONE,BACK
00099_Dextromethorphan-15mg+Guaifenesin-100mg+Terpin-hydrate-130mg_TERCO-D_BLHUA_SCORE_Front.png,00099,Dextromethorphan-15mg+Guaifenesin-100mg+Terpin-hydrate-130mg,TERCO-D,BLHUA,SCORE,FRONT
00100_Dextromethorphan-15mg+Guaifenesin-100mg+Terpin-hydrate-130mg_TERCO-D_BLHUA_NONE_Back.png,00100,Dextromethorphan-15mg+Guaifenesin-100mg+Terpin-hydrate-130mg,TERCO-D,BLHUA,NONE,BACK
00100_Dextromethorphan-15mg+Guaifenesin-100mg+Terpin-hydrate-130mg_TERCO-D_BLHUA_NONE_Front.png,00100,Dextromethorphan-15mg+Guaifenesin-100mg+Terpin-hydrate-130mg,TERCO-D,BLHUA,NONE,FRONT
00101_Prednisolone-5mg_PREDNISOLONE-TABLETS_CHANKIT-TRADING_LOGO_Front.png,00101,Prednisolone-5mg,PREDNISOLONE-TABLETS,CHANKIT-TRADING,LOGO,FRONT
00101_Prednisolone-5mg_PREDNISOLONE-TABLETS_CHANKIT-TRADING_SCORE_Back.png,00101,Prednisolone-5mg,PREDNISOLONE-TABLETS,CHANKIT-TRADING,SCORE,BACK
00102_Paracetamol-500mg_AORICET_MEDICINE-PRODUCT_LOGO_Front.png,00102,Paracetamol-500mg,AORICET,MEDICINE-PRODUCT,LOGO,FRONT
00102_Paracetamol-500mg_AORICET_MEDICINE-PRODUCT_SCORE_Back.png,00102,Paracetamol-500mg,AORICET,MEDICINE-PRODUCT,SCORE,BACK
00103_Paracetamol-500mg_AORICET_MEDICINE-PRODUCT_LOGO_Front.png,00103,Paracetamol-500mg,AORICET,MEDICINE-PRODUCT,LOGO,FRONT
00103_Paracetamol-500mg_AORICET_MEDICINE-PRODUCT_SCORE_Back.png,00103,Paracetamol-500mg,AORICET,MEDICINE-PRODUCT,SCORE,BACK
00104_Mosapride-citrate-5mg_MAZT_SIAM-BHEASACH_LOGO_Back.png,00104,Mosapride-citrate-5mg,MAZT,SIAM-BHEASACH,LOGO,BACK
00104_Mosapride-citrate-5mg_MAZT_SIAM-BHEASACH_M5_Front.png,00104,Mosapride-citrate-5mg,MAZT,SIAM-BHEASACH,M5,FRONT
00105_Mosapride-citrate-5mg_GASMOTIN_SUMITOMO_5_Back.png,00105,Mosapride-citrate-5mg,GASMOTIN,SUMITOMO,5,BACK
00105_Mosapride-citrate-5mg_GASMOTIN_SUMITOMO_P218_Front.png,00105,Mosapride-citrate-5mg,GASMOTIN,SUMITOMO,P218,FRONT
00106_Mosapride-citrate-5mg_MIMOSA-5_UNISON_M5_Front.png,00106,Mosapride-citrate-5mg,MIMOSA-5,UNISON,M5,FRONT
00106_Mosapride-citrate-5mg_MIMOSA-5_UNISON_NONE_Back.png,00106,Mosapride-citrate-5mg,MIMOSA-5,UNISON,NONE,BACK
00107_Ethambutol-500mg_LAMBUTOL-500-MG_Atlantic-Pharmaceutical_LOGO_Front.png,00107,Ethambutol-500mg,LAMBUTOL-500-MG,Atlantic-Pharmaceutical,LOGO,FRONT
00107_Ethambutol-500mg_LAMBUTOL-500-MG_Atlantic-Pharmaceutical_SCORE_Back.png,00107,Ethambutol-500mg,LAMBUTOL-500-MG,Atlantic-Pharmaceutical,SCORE,BACK
00108_Rosuvastatin-20mg_ROVAS-20_RX_20_Back.png,00108,Rosuvastatin-20mg,ROVAS-20,RX,20,BACK
00108_Rosuvastatin-20mg_ROVAS-20_RX_R_Front.png,00108,Rosuvastatin-20mg,ROVAS-20,RX,R,FRONT
00109_Rosuvastatin-10mg_ROVASTOR-10_TO_10_Back.png,00109,Rosuvastatin-10mg,ROVASTOR-10,TO,10,BACK
00109_Rosuvastatin-10mg_ROVASTOR-10_TO_LR_Front.png,00109,Rosuvastatin-10mg,ROVASTOR-10,TO,LR,FRONT
00110_Guaifenesin100mg+Terbutaline-2.5mg_TERBROSIN_RX_SCORE_Back.png,00110,Guaifenesin100mg+Terbutaline-2.5mg,TERBROSIN,RX,SCORE,BACK
00110_Guaifenesin100mg+Terbutaline-2.5mg_TERBROSIN_RX_TG_Front.png,00110,Guaifenesin100mg+Terbutaline-2.5mg,TERBROSIN,RX,TG,FRONT
00111_Bilastine-20mg_BALISA_SRIPRASIT-PHARMA_B20_Front.png,00111,Bilastine-20mg,BALISA,SRIPRASIT-PHARMA,B20,FRONT
00111_Bilastine-20mg_BALISA_SRIPRASIT-PHARMA_SCORE_Back.png,00111,Bilastine-20mg,BALISA,SRIPRASIT-PHARMA,SCORE,BACK
00112_Loratadine-10mg_FEXLORA_SRIPRASIT-PHARMA_L10_Front.png,00112,Loratadine-10mg,FEXLORA,SRIPRASIT-PHARMA,L10,FRONT
00112_Loratadine-10mg_FEXLORA_SRIPRASIT-PHARMA_NONE_Back.png,00112,Loratadine-10mg,FEXLORA,SRIPRASIT-PHARMA,NONE,BACK
00113_Sevelamer-carbonate-800mg_KAVOLRED_DR-REDDYS-LABORATORIES_NONE_Back.png,00113,Sevelamer-carbonate-800mg,KAVOLRED,DR-REDDYS-LABORATORIES,NONE,BACK
00113_Sevelamer-carbonate-800mg_KAVOLRED_DR-REDDYS-LABORATORIES_R789_Front.png,00113,Sevelamer-carbonate-800mg,KAVOLRED,DR-REDDYS-LABORATORIES,R789,FRONT
00114_Sevelamer-Carbonate-800mg_SEVELAMER-SYMGENS_SYMGENS_800_Back.png,00114,Sevelamer-Carbonate-800mg,SEVELAMER-SYMGENS,SYMGENS,800,BACK
00114_Sevelamer-Carbonate-800mg_SEVELAMER-SYMGENS_SYMGENS_AX141_Front.png,00114,Sevelamer-Carbonate-800mg,SEVELAMER-SYMGENS,SYMGENS,AX141,FRONT
00115_Sevelamer-carbonate-800mg_RENVELA_SANOFI_NONE_Back.png,00115,Sevelamer-carbonate-800mg,RENVELA,SANOFI,NONE,BACK
00115_Sevelamer-carbonate-800mg_RENVELA_SANOFI_RENVELA800_Front.png,00115,Sevelamer-carbonate-800mg,RENVELA,SANOFI,RENVELA800,FRONT
00116_Glibenclamide-5mg_DIABENOL_GREATER-PHARMA_LOGO_Front.png,00116,Glibenclamide-5mg,DIABENOL,GREATER-PHARMA,LOGO,FRONT
00116_Glibenclamide-5mg_DIABENOL_GREATER-PHARMA_SCORE_Back.png,00116,Glibenclamide-5mg,DIABENOL,GREATER-PHARMA,SCORE,BACK
00117_Glibenclamide-5mg_SUGRIL_SIAM-BHEASACH_LOGO_Front.png,00117,Glibenclamide-5mg,SUGRIL,SIAM-BHEASACH,LOGO,FRONT
00117_Glibenclamide-5mg_SUGRIL_SIAM-BHEASACH_SCORE_Back.png,00117,Glibenclamide-5mg,SUGRIL,SIAM-BHEASACH,SCORE,BACK
00118_Glibenclamide-5mg_DAONIL_SANOFI_LDI_Front.png,00118,Glibenclamide-5mg,DAONIL,SANOFI,LDI,FRONT
00118_Glibenclamide-5mg_DAONIL_SANOFI_SCORE_Back.png,00118,Glibenclamide-5mg,DAONIL,SANOFI,SCORE,BACK
00119_Brompheniramine-4mg_PROBROM_MEDICINE_NONE_Back.png,00119,Brompheniramine-4mg,PROBROM,MEDICINE,NONE,BACK
00119_Brompheniramine-4mg_PROBROM_MEDICINE_NONE_Front.png,00119,Brompheniramine-4mg,PROBROM,MEDICINE,NONE,FRONT
00120_Methyldopa-125mg_METPATA-125_Pharmasant-Laboratories_MPA135_Front.png,00120,Methyldopa-125mg,METPATA-125,Pharmasant-Laboratories,MPA135,FRONT
00120_Methyldopa-125mg_METPATA-125_Pharmasant-Laboratories_NONE_Back.png,00120,Methyldopa-125mg,METPATA-125,Pharmasant-Laboratories,NONE,BACK
00121_Ibuprofen-400mg_CEFEN-400_Pharmasant-Laboratories_CENTRAL_Front.png,00121,Ibuprofen-400mg,CEFEN-400,Pharmasant-Laboratories,CENTRAL,FRONT
00121_Ibuprofen-400mg_CEFEN-400_Pharmasant-Laboratories_NONE_Back.png,00121,Ibuprofen-400mg,CEFEN-400,Pharmasant-Laboratories,NONE,BACK
00122_Atorvastatin-40mg_LIPOSTAT-40_SIAM-BHEASACH_L40_Front.png,00122,Atorvastatin-40mg,LIPOSTAT-40,SIAM-BHEASACH,L40,FRONT
00122_Atorvastatin-40mg_LIPOSTAT-40_SIAM-BHEASACH_LOGO_Back.png,00122,Atorvastatin-40mg,LIPOSTAT-40,SIAM-BHEASACH,LOGO,BACK
00123_Atorvastatin-20mg_LIPOSTAT-20_SIAM-BHEASACH_L20_Front.png,00123,Atorvastatin-20mg,LIPOSTAT-20,SIAM-BHEASACH,L20,FRONT
00123_Atorvastatin-20mg_LIPOSTAT-20_SIAM-BHEASACH_LOGO_Back.png,00123,Atorvastatin-20mg,LIPOSTAT-20,SIAM-BHEASACH,LOGO,BACK
00124_Cyanocobalamin-50 mcg+Pyridoxine-hydrochloride-5mg+Thiamine-100mg_THREEVIT_ASIAN-UNION-LABORATORIES_NONE_Back.png,00124,Cyanocobalamin-50 mcg+Pyridoxine-hydrochloride-5mg+Thiamine-100mg,THREEVIT,ASIAN-UNION-LABORATORIES,NONE,BACK
00124_Cyanocobalamin-50 mcg+Pyridoxine-hydrochloride-5mg+Thiamine-100mg_THREEVIT_ASIAN-UNION-LABORATORIES_SCORE_Front.png,00124,Cyanocobalamin-50 mcg+Pyridoxine-hydrochloride-5mg+Thiamine-100mg,THREEVIT,ASIAN-UNION-LABORATORIES,SCORE,FRONT
00125_ SODIUM-BICARBONATE-300mg_SODAMINT-FRX_SAHA-OSOT_NONE_Back.png,00125,SODIUM-BICARBONATE-300mg,SODAMINT-FRX,SAHA-OSOT,NONE,BACK
00125_ SODIUM-BICARBONATE-300mg_SODAMINT-FRX_SAHA-OSOT_U_Front.png,00125,SODIUM-BICARBONATE-300mg,SODAMINT-FRX,SAHA-OSOT,U,FRONT
00126_Pretomanid-200mg_PRETOMANID-200_Viatris-Pharmaceuticals_M_Back.png,00126,Pretomanid-200mg,PRETOMANID-200,Viatris-Pharmaceuticals,M,BACK
00126_Pretomanid-200mg_PRETOMANID-200_Viatris-Pharmaceuticals_P200_Front.png,00126,Pretomanid-200mg,PRETOMANID-200,Viatris-Pharmaceuticals,P200,FRONT
00127_Candesartan-cilexetil-8mg_FINIL-8_UNISON_CC8_Front.png,00127,Candesartan-cilexetil-8mg,FINIL-8,UNISON,CC8,FRONT
00127_Candesartan-cilexetil-8mg_FINIL-8_UNISON_NONE_Back.png,00127,Candesartan-cilexetil-8mg,FINIL-8,UNISON,NONE,BACK
00128_Candesartan-cilexetil-16mg_FINIL-16_UNISON_CC16_Front.png,00128,Candesartan-cilexetil-16mg,FINIL-16,UNISON,CC16,FRONT
00128_Candesartan-cilexetil-16mg_FINIL-16_UNISON_SCORE_Back.png,00128,Candesartan-cilexetil-16mg,FINIL-16,UNISON,SCORE,BACK
00129_Candesartan-cilexitil 8mg+Hydrochlorothiazide-12.5mg_BLOPRESS-8MG-PLUS_Interthai-Pharmaceuticals_8C_Back.png,00129,Candesartan-cilexitil 8mg+Hydrochlorothiazide-12.5mg,BLOPRESS-8MG-PLUS,Interthai-Pharmaceuticals,8C,BACK
00129_Candesartan-cilexitil 8mg+Hydrochlorothiazide-12.5mg_BLOPRESS-8MG-PLUS_Interthai-Pharmaceuticals_8C_Front.png,00129,Candesartan-cilexitil 8mg+Hydrochlorothiazide-12.5mg,BLOPRESS-8MG-PLUS,Interthai-Pharmaceuticals,8C,FRONT
00130_Candesartan-cilexetil-16mg_BLOPRESS-TABLETS-16MG_Celltrion-Healthcare_16_Front.png,00130,Candesartan-cilexetil-16mg,BLOPRESS-TABLETS-16MG,Celltrion-Healthcare,16,FRONT
00130_Candesartan-cilexetil-16mg_BLOPRESS-TABLETS-16MG_Celltrion-Healthcare_SCORE_Back.png,00130,Candesartan-cilexetil-16mg,BLOPRESS-TABLETS-16MG,Celltrion-Healthcare,SCORE,BACK
00131_Candesartan-16mg_TODESAAR-16_TO-CHEMICALS_16_Back.png,00131,Candesartan-16mg,TODESAAR-16,TO-CHEMICALS,16,BACK
00131_Candesartan-16mg_TODESAAR-16_TO-CHEMICALS_CD_Front.png,00131,Candesartan-16mg,TODESAAR-16,TO-CHEMICALS,CD,FRONT
00132_Cefuroxime-axetil-250mg_CEFUROXIME-[BLC]-250mg_BANGKOK-LAB_D134_Front.png,00132,Cefuroxime-axetil-250mg,CEFUROXIME-[BLC]-250mg,BANGKOK-LAB,D134,FRONT
00132_Cefuroxime-axetil-250mg_CEFUROXIME-[BLC]-250mg_BANGKOK-LAB_NONE_Back.png,00132,Cefuroxime-axetil-250mg,CEFUROXIME-[BLC]-250mg,BANGKOK-LAB,NONE,BACK
00133_Sertraline-50mg_STARIN-FC-TAB-50MG_Atlantic-Lab_ATC_Back.png,00133,Sertraline-50mg,STARIN-FC-TAB-50MG,Atlantic-Lab,ATC,BACK
00133_Sertraline-50mg_STARIN-FC-TAB-50MG_Atlantic-Lab_STA50_Front.png,00133,Sertraline-50mg,STARIN-FC-TAB-50MG,Atlantic-Lab,STA50,FRONT
00134_Haloperidol-10mg_HALOMED-10MG_Medifive_H10_Front.png,00134,Haloperidol-10mg,HALOMED-10MG,Medifive,H10,FRONT
00134_Haloperidol-10mg_HALOMED-10MG_Medifive_LOGO_Back.png,00134,Haloperidol-10mg,HALOMED-10MG,Medifive,LOGO,BACK
00135_Paracetamol-500mg_Bakamol-500_Medicpharma_LOGO_Front.png,00135,Paracetamol-500mg,Bakamol-500,Medicpharma,LOGO,FRONT
00135_Paracetamol-500mg_Bakamol-500_Medicpharma_SCORE_Back.png,00135,Paracetamol-500mg,Bakamol-500,Medicpharma,SCORE,BACK
00136_Simvastatin-10mg_Bestatin-10mg_BERLIN_BERLIN_Front.png,00136,Simvastatin-10mg,Bestatin-10mg,BERLIN,BERLIN,FRONT
00136_Simvastatin-10mg_Bestatin-10mg_BERLIN_SCORE_Back.png,00136,Simvastatin-10mg,Bestatin-10mg,BERLIN,SCORE,BACK
00137_Domperidone-10mg_Molax-M_SIAM_LOGO_Back.png,00137,Domperidone-10mg,Molax-M,SIAM,LOGO,BACK
00137_Domperidone-10mg_Molax-M_SIAM_m_Front.png,00137,Domperidone-10mg,Molax-M,SIAM,m,FRONT
00138_Rosuvastatin-10mg_ROSUVA-10_PONDS-CHEMICAL_NONE_Back.png,00138,Rosuvastatin-10mg,ROSUVA-10,PONDS-CHEMICAL,NONE,BACK
00138_Rosuvastatin-10mg_ROSUVA-10_PONDS-CHEMICAL_NONE_Front.png,00138,Rosuvastatin-10mg,ROSUVA-10,PONDS-CHEMICAL,NONE,FRONT
00139_Meloxicam-15mg_Melox_SIAM_LOGO_Front.png,00139,Meloxicam-15mg,Melox,SIAM,LOGO,FRONT
00139_Meloxicam-15mg_Melox_SIAM_ML15_Back.png,00139,Meloxicam-15mg,Melox,SIAM,ML15,BACK
00140_Betahistine-dihydrochloride-16mg_Stei-16_SRIPRASIT_SPSS16_Back.png,00140,Betahistine-dihydrochloride-16mg,Stei-16,SRIPRASIT,SPSS16,BACK
00140_Betahistine-dihydrochloride-16mg_Stei-16_SRIPRASIT_S_Front.png,00140,Betahistine-dihydrochloride-16mg,Stei-16,SRIPRASIT,S,FRONT
00141_TolperisoneHCL-50mg_MYDOCALM_UNISON_50_Back.png,00141,TolperisoneHCL-50mg,MYDOCALM,UNISON,50,BACK
00141_TolperisoneHCL-50mg_MYDOCALM_UNISON_RG_Front.png,00141,TolperisoneHCL-50mg,MYDOCALM,UNISON,RG,FRONT
00142_Norfloxacin-400mg_Janacin_BIOLAB_BIOLAB_Front.png,00142,Norfloxacin-400mg,Janacin,BIOLAB,BIOLAB,FRONT
00142_Norfloxacin-400mg_Janacin_BIOLAB_SCORE_Back.png,00142,Norfloxacin-400mg,Janacin,BIOLAB,SCORE,BACK
00143_Paracetamol-500mg+Orphenadrine-35mg_Paradine_Medic-Pharma_NONE_Front.png,00143,Paracetamol-500mg+Orphenadrine-35mg,Paradine,Medic-Pharma,NONE,FRONT
00143_Paracetamol-500mg+Orphenadrine-35mg_Paradine_Medic-Pharma_SCORE_Back.png,00143,Paracetamol-500mg+Orphenadrine-35mg,Paradine,Medic-Pharma,SCORE,BACK
00144_Cetirizine-10mg_CETRIZIN_TO_NONE_Back.png,00144,Cetirizine-10mg,CETRIZIN,TO,NONE,BACK
00144_Cetirizine-10mg_CETRIZIN_TO_SCORE_Front.png,00144,Cetirizine-10mg,CETRIZIN,TO,SCORE,FRONT
00145_Naproxen-250mg_ARTHROLONE_QUALIMED_CROSS_Back.png,00145,Naproxen-250mg,ARTHROLONE,QUALIMED,CROSS,BACK
00145_Naproxen-250mg_ARTHROLONE_QUALIMED_QUALIMED_Front.png,00145,Naproxen-250mg,ARTHROLONE,QUALIMED,QUALIMED,FRONT
00146_Donepezil-23mg_ARICEPT-23mg_EISAI_23_Back.png,00146,Donepezil-23mg,ARICEPT-23mg,EISAI,23,BACK
00146_Donepezil-23mg_ARICEPT-23mg_EISAI_ARICEPT_Front.png,00146,Donepezil-23mg,ARICEPT-23mg,EISAI,ARICEPT,FRONT
00147_Sertraline-50mg_Unison_SISALON-50_50_Back.png,00147,Sertraline-50mg,Unison,SISALON-50,50,BACK
00147_Sertraline-50mg_Unison_SISALON-50_SL_Front.png,00147,Sertraline-50mg,Unison,SISALON-50,SL,FRONT
00148_Cetirizine-10mg_Zensil_INTER_PHARMA_NONE_Back.png,00148,Cetirizine-10mg_Zensil,INTER,PHARMA,NONE,BACK
00148_Cetirizine-10mg_Zensil_INTER_PHARMA_SMC10_Front.png,00148,Cetirizine-10mg_Zensil,INTER,PHARMA,SMC10,FRONT
00149_Simvastatin-10mg_ZIMVA-10_GPO_S10_Front.png,00149,Simvastatin-10mg,ZIMVA-10,GPO,S10,FRONT
00149_Simvastatin-10mg_ZIMVA-10_GPO_SCORE_Back.png,00149,Simvastatin-10mg,ZIMVA-10,GPO,SCORE,BACK
00150_Spironolactone-25mg_HYLES-25_BERLIN_BERLIN_Front.png,00150,Spironolactone-25mg,HYLES-25,BERLIN,BERLIN,FRONT
00150_Spironolactone-25mg_HYLES-25_BERLIN_SCORE_Back.png,00150,Spironolactone-25mg,HYLES-25,BERLIN,SCORE,BACK
